"xhat","level","trend","season"
"1",169.094461254105,112.267669243846,0.0636793959786213,56.76311261428
"2",172.864076999795,115.33452378572,0.0636793959786213,57.4658738180968
"3",170.151938892162,115.419489781903,0.0636793959786213,54.66876971428
"4",166.117452479185,115.48768478572,0.0636793959786213,50.5660882974861
"5",164.308950014299,115.555820802514,0.0636793959786213,48.6894498158067
"6",165.925896560864,115.636822884193,0.0636793959786213,50.2253942806922
"7",162.712766880711,115.686060219308,0.0636793959786213,46.9630272654251
"8",156.964259512009,115.751518234575,0.0636793959786213,41.1490618814556
"9",153.269260206666,115.807301718544,0.0636793959786213,37.3982790921426
"10",151.656481662391,115.866084507857,0.0636793959786213,35.7267177585548
"11",144.670471928803,115.930827741445,0.0636793959786213,28.6759647913792
"12",145.477798757811,115.961762508621,0.0636793959786213,29.4523568532113
"13",138.711227617353,116.036643146789,0.0636793959786213,22.6109050745853
"14",128.908399391398,116.148185825415,0.0636793959786213,12.6965341700052
"15",126.153784193689,116.258374929995,0.0636793959786213,9.83172986771511
"16",122.776393390635,116.423179232285,0.0636793959786213,6.28953476237159
"17",118.620727894986,116.556010737628,0.0636793959786213,2.00103776137921
"18",119.119843569185,116.671053138621,0.0636793959786213,2.38511103458532
"19",113.735212271704,116.826070765415,0.0636793959786213,-3.15453788968948
"20",111.632865887429,116.972719689689,0.0636793959786213,-5.40353319823912
"21",111.310686438269,117.098987698239,0.0636793959786213,-5.85198065594905
"22",107.093246613383,117.236344255949,0.0636793959786213,-10.2067770385445
"23",103.502776073689,117.342949738544,0.0636793959786213,-13.9038530608345
"24",101.008297438879,117.475962160835,0.0636793959786213,-16.5313441179338
"25",99.1081250553679,117.599244117934,0.0636793959786213,-18.5547984585445
"26",97.7306091626198,117.694334818544,0.0636793959786213,-20.0274050519032
"27",94.730401046742,117.762550501903,0.0636793959786213,-23.0958288511399
"28",97.5834383791847,117.85223794114,0.0636793959786213,-20.3324789579338
"29",95.4271133970473,117.922215317934,0.0636793959786213,-22.5587813168651
"30",93.7371482407878,117.978808586865,0.0636793959786213,-24.3053397420559
"31",90.3592288734595,118.048803382056,0.0636793959786213,-27.753253904575
"32",90.9053625310931,118.136872084575,0.0636793959786213,-27.2951889494605
"33",87.3928950775054,118.23460712946,0.0636793959786213,-30.9053914479338
"34",94.4971558033832,118.319109627934,0.0636793959786213,-23.8856332205292
"35",91.8094628841466,118.394215040529,0.0636793959786213,-26.6484315523612
"36",91.4093522619328,118.483486102361,0.0636793959786213,-27.137813236407
"37",90.0148399786504,118.579913236407,0.0636793959786213,-28.6287526537353
"38",88.2498675330779,118.665052653735,0.0636793959786213,-30.478864516636
"39",93.3514828610168,118.777128156636,0.0636793959786213,-25.4893246915978
"40",94.164769818803,118.917570141598,0.0636793959786213,-24.8164797187734
"41",95.4087307519328,119.032288808773,0.0636793959786213,-23.6872374528192
"42",93.2359989646046,119.122510182819,0.0636793959786213,-25.9501906141933
"43",93.5054292210168,119.210199704193,0.0636793959786213,-25.7684498791551
"44",94.5965444179634,119.290768059155,0.0636793959786213,-24.7579030371704
"45",95.2242260997954,119.33022121717,0.0636793959786213,-24.1696745133536
"46",95.4276553803298,119.353474513354,0.0636793959786213,-23.9894985290024
"47",96.6620189542229,119.385443979002,0.0636793959786213,-22.7871044207581
"48",96.9716773804825,119.400677150758,0.0636793959786213,-22.4926791662543
"49",98.4680098633069,119.352506436254,0.0636793959786213,-20.948175968926
"50",106.228103582238,119.338557788926,0.0636793959786213,-13.1741336026665
"51",108.964776514299,119.321970002667,0.0636793959786213,-10.4208728843459
"52",105.595975084528,119.293236484346,0.0636793959786213,-13.7609407957963
"53",115.172890324223,119.249131695796,0.0636793959786213,-4.139920767552
"54",119.538790393689,119.261284367552,0.0636793959786213,0.213826630157927
"55",130.020473964681,119.300536969842,0.0636793959786213,10.6562575988602
"56",126.066944499032,119.35392420114,0.0636793959786213,6.64934090191369
"57",114.685946526513,119.373568198086,0.0636793959786213,-4.75130106755198
"58",113.909845253231,119.386755567552,0.0636793959786213,-5.54058971030007
"59",112.580073594452,119.4125897103,0.0636793959786213,-6.89619551182679
"60",114.109801542544,119.433922811827,0.0636793959786213,-5.3878006652619
"61",116.463320626513,119.452709765262,0.0636793959786213,-3.05306853472756
"62",118.90848783491,119.506977634728,0.0636793959786213,-0.662169195796265
"63",115.193700918116,119.600441895796,0.0636793959786213,-4.47042037365885
"64",114.51886953262,119.623329473659,0.0636793959786213,-5.16813933701763
"65",116.190718960864,119.702230237018,0.0636793959786213,-3.57519067213214
"66",114.551344721246,119.784099772132,0.0636793959786213,-5.29643444686495
"67",116.582078378498,121.524525346865,0.0636793959786213,-5.00612636434584
"68",120.245551013536,123.417762764346,0.0636793959786213,-3.2358911467886
"69",117.988317175368,121.179891146789,0.0636793959786213,-3.25525336739926
"70",119.403678737963,121.177253367399,0.0636793959786213,-1.83725402541455
"71",122.689748774605,122.848344925415,0.0636793959786213,-0.222275546788607
"72",119.241801515826,118.687275546789,0.0636793959786213,0.490846573058734
"73",122.174004133383,120.847244326941,0.0636793959786213,1.2630804104633
"74",121.165481699032,119.576919589537,0.0636793959786213,1.52488271351673
"75",120.817562089108,119.968208186483,0.0636793959786213,0.785674506646531
"76",122.680789744834,120.761416393353,0.0636793959786213,1.85569395550148
"77",114.221335144834,116.327306044499,0.0636793959786213,-2.16965029564356
"78",117.53761894865,122.079013895644,0.0636793959786213,-4.6050743429718
"79",119.434227991398,127.015528842972,0.0636793959786213,-7.64498024755194
"80",114.948556208192,126.872980247552,0.0636793959786213,-11.9881034353382
"81",122.421804161627,134.042285235338,0.0636793959786213,-11.6841604696893
"82",113.633416377429,129.923614969689,0.0636793959786213,-16.353877988239
"83",107.437913106055,127.657059788239,0.0636793959786213,-20.2828260781626
"84",113.366665051933,132.980644278163,0.0636793959786213,-19.6776586222084
"85",110.962049334605,132.004749522208,0.0636793959786213,-21.1063795835825
"86",105.657305036284,129.437106883582,0.0636793959786213,-23.8434812432771
"87",109.467498169948,131.007753943277,0.0636793959786213,-21.6039351693077
"88",105.361233214681,127.112571569308,0.0636793959786213,-21.8150177506054
"89",109.558227328421,130.680563250605,0.0636793959786213,-21.1860153181626
"90",107.337115500177,129.504833518163,0.0636793959786213,-22.2313974139642
"91",104.437299064528,125.904861013964,0.0636793959786213,-21.5312413454145
"92",101.283752649337,122.491014045415,0.0636793959786213,-21.2709407920558
"93",107.290015410788,125.399331692056,0.0636793959786213,-18.1729956772466
"94",103.440812977429,122.879195677247,0.0636793959786213,-19.5020620957962
"95",104.123081459414,121.226907595796,0.0636793959786213,-17.1675055323611
"96",105.284431775597,123.096596432361,0.0636793959786213,-17.8758440527428
"97",105.794044105139,125.547571352743,0.0636793959786213,-19.8172066435825
"98",108.834626278803,126.864479343582,0.0636793959786213,-18.0935324607581
"99",109.108531613765,125.197259760758,0.0636793959786213,-16.1524075429718
"100",108.353178105902,124.007771142972,0.0636793959786213,-15.7182724330482
"101",110.989511955521,125.968181533048,0.0636793959786213,-15.0423489735062
"102",110.138801689414,126.980167173506,0.0636793959786213,-16.905044880071
"103",109.178317599337,125.563681280071,0.0636793959786213,-16.4490430767123
"104",113.469433215597,129.157315776712,0.0636793959786213,-15.751561957094
"105",118.688493540711,132.935289257094,0.0636793959786213,-14.3104751123611
"106",120.526132239566,129.642747812361,0.0636793959786213,-9.18029496877337
"107",117.875182838498,126.503113168773,0.0636793959786213,-8.69160972625428
"108",121.367659524681,126.236609726254,0.0636793959786213,-4.93262959755198
"109",127.368335543307,125.322902297552,0.0636793959786213,1.98175384977627
"110",125.249135522849,119.904791650224,0.0636793959786213,5.28066447664648
"111",122.679027427276,117.736608223354,0.0636793959786213,4.8787398079442
"112",128.741409815444,118.838987492056,0.0636793959786213,9.83874292740987
"113",131.823241412543,116.56425707259,0.0636793959786213,15.1953049439747
"114",124.657498968727,108.177331456025,0.0636793959786213,16.4164881167228
"115",131.040337051551,112.576875483277,0.0636793959786213,18.3997821722953
"116",134.138954057047,112.162308727705,0.0636793959786213,21.912965933364
"117",138.499885502849,110.556034066636,0.0636793959786213,27.8801720402342
"118",135.575067900559,108.561191559766,0.0636793959786213,26.9501969448144
"119",140.717972003612,115.951984855186,0.0636793959786213,24.702307752448
"120",147.522391989872,119.613146747552,0.0636793959786213,27.8455658463411
"121",153.988382522315,121.588434153659,0.0636793959786213,32.336268972677
"122",153.420632595597,117.437640127323,0.0636793959786213,35.9193130722953
"123",154.614922279948,116.883141427705,0.0636793959786213,37.6681014562648
"124",157.866313695979,118.651353043735,0.0636793959786213,39.1512812562648
"125",159.770854877658,117.953900543735,0.0636793959786213,41.7532749379441
"126",160.629830670788,117.497088662056,0.0636793959786213,43.0690626127533
"127",164.205124928803,122.070028287247,0.0636793959786213,42.0714172455777
"128",176.669667460101,127.190219154422,0.0636793959786213,49.4157689096999
"129",164.387754029566,118.0346855903,0.0636793959786213,46.2893890432877
"130",171.438843005139,125.437701856712,0.0636793959786213,45.937461752448
"131",178.211081885292,125.911720047552,0.0636793959786213,52.2356824417609
"132",177.857836868498,121.031044858239,0.0636793959786213,56.76311261428
"133",175.583531499795,118.05397828572,0.0636793959786213,57.4658738180968
"134",176.154666192162,121.422217081903,0.0636793959786213,54.66876971428
"135",174.171543479185,123.54177578572,0.0636793959786213,50.5660882974861
"136",171.943131814299,123.190002602514,0.0636793959786213,48.6894498158067
"137",175.005169360864,124.716095684193,0.0636793959786213,50.2253942806922
"138",171.213948780711,124.187242119308,0.0636793959786213,46.9630272654251
"139",169.476714012009,128.263972734575,0.0636793959786213,41.1490618814556
"140",168.153805706666,130.691847218544,0.0636793959786213,37.3982790921426
"141",172.064208962391,136.273811807857,0.0636793959786213,35.7267177585548
"142",164.376744628803,135.637100441445,0.0636793959786213,28.6759647913792
"143",164.032071457811,134.516035208621,0.0636793959786213,29.4523568532113
"144",150.818045817353,128.143461346789,0.0636793959786213,22.6109050745853
"145",144.367035791399,131.606822225415,0.0636793959786213,12.6965341700052
"146",148.630147793689,138.734738529995,0.0636793959786213,9.83172986771511
"147",139.612302490635,133.259088332285,0.0636793959786213,6.28953476237159
"148",128.876000594986,126.811283437628,0.0636793959786213,2.00103776137921
"149",132.602752669185,130.153962238621,0.0636793959786213,2.38511103458532
"150",126.802848671704,129.893707165415,0.0636793959786213,-3.15453788968948
"151",125.826956787429,131.166810589689,0.0636793959786213,-5.40353319823912
"152",119.782322838269,125.570624098239,0.0636793959786213,-5.85198065594905
"153",115.007246613383,125.150344255949,0.0636793959786213,-10.2067770385445
"154",112.237057873689,126.077231538544,0.0636793959786213,-13.9038530608345
"155",112.618006538879,129.085671260835,0.0636793959786213,-16.5313441179338
"156",110.241952355368,128.733071417934,0.0636793959786213,-18.5547984585445
"157",105.77647280262,125.740198458544,0.0636793959786213,-20.0274050519032
"158",101.210982896742,124.243132351903,0.0636793959786213,-23.0958288511399
"159",107.121847489185,127.39064705114,0.0636793959786213,-20.3324789579338
"160",103.086404337047,125.581506257934,0.0636793959786213,-22.5587813168651
"161",105.018293670788,129.259954016865,0.0636793959786213,-24.3053397420559
"162",97.0430197334595,124.732594242056,0.0636793959786213,-27.753253904575
"163",96.3059352610932,123.537444814575,0.0636793959786213,-27.2951889494605
"164",92.7994950775054,123.64120712946,0.0636793959786213,-30.9053914479338
"165",101.391583073383,125.213536897934,0.0636793959786213,-23.8856332205292
"166",92.1095719741466,118.694324130529,0.0636793959786213,-26.6484315523612
"167",93.7229522619328,120.797086102361,0.0636793959786213,-27.137813236407
"168",92.0923399786504,120.657413236407,0.0636793959786213,-28.6287526537353
"169",89.5916311730779,120.006816293735,0.0636793959786213,-30.478864516636
"170",91.7607828610168,117.186428156636,0.0636793959786213,-25.4893246915978
"171",92.589397098803,117.342197421598,0.0636793959786213,-24.8164797187734
"172",94.4827762119328,118.106334268773,0.0636793959786213,-23.6872374528192
"173",92.0053262346046,117.891837452819,0.0636793959786213,-25.9501906141933
"174",91.4510928610168,117.155863344193,0.0636793959786213,-25.7684498791551
"175",96.0560353279634,120.750258969155,0.0636793959786213,-24.7579030371704
"176",96.1304897397954,120.23648485717,0.0636793959786213,-24.1696745133536
"177",99.5858917403298,123.511710873354,0.0636793959786213,-23.9894985290024
"178",100.125164414223,122.848589439002,0.0636793959786213,-22.7871044207581
"179",99.3160955604825,121.745095330758,0.0636793959786213,-22.4926791662543
"180",100.313928043307,121.198424616254,0.0636793959786213,-20.948175968926
"181",106.282621762238,119.393075968926,0.0636793959786213,-13.1741336026665
"182",103.547049214299,113.904242702667,0.0636793959786213,-10.4208728843459
"183",98.1872387845283,111.884500184346,0.0636793959786213,-13.7609407957963
"184",111.117344924223,115.193586295796,0.0636793959786213,-4.139920767552
"185",105.694672293689,105.417166267552,0.0636793959786213,0.213826630157925
"186",112.336010364681,101.616073369842,0.0636793959786213,10.6562575988602
"187",102.143799099032,95.4307788011398,0.0636793959786213,6.64934090191369
"188",93.421219226513,98.1088408980863,0.0636793959786213,-4.75130106755198
"189",103.247118053231,108.724028367552,0.0636793959786213,-5.54058971030007
"190",104.082646294452,110.9151624103,0.0636793959786213,-6.89619551182679
"191",107.298437842544,112.622559111827,0.0636793959786213,-5.38780066526191
"192",110.701320626513,113.690709765262,0.0636793959786213,-3.05306853472756
"193",111.50266963491,112.101159434728,0.0636793959786213,-0.662169195796267
"194",107.872246418116,112.278987395796,0.0636793959786213,-4.47042037365885
"195",110.75886953262,115.863329473659,0.0636793959786213,-5.16813933701764
"196",113.889082560864,117.400593837018,0.0636793959786213,-3.57519067213214
"197",110.186435621246,115.419190672132,0.0636793959786213,-5.29643444686495
"198",114.619260178498,119.561707146865,0.0636793959786213,-5.00612636434585
"199",116.182460113536,119.354671864346,0.0636793959786213,-3.2358911467886
"200",115.208044475368,118.399618446789,0.0636793959786213,-3.25525336739926
"201",119.939133237963,121.712707867399,0.0636793959786213,-1.83725402541455
"202",119.895839674605,120.054435825415,0.0636793959786213,-0.222275546788609
"203",119.641165115826,119.086639146789,0.0636793959786213,0.490846573058732
"204",118.938822333383,117.612062526941,0.0636793959786213,1.2630804104633
"205",119.997299899032,118.408737789537,0.0636793959786213,1.52488271351673
"206",120.720925689108,119.871571786483,0.0636793959786213,0.785674506646529
"207",121.556607944834,119.637234593353,0.0636793959786213,1.85569395550148
"208",118.353062444834,120.459033344499,0.0636793959786213,-2.16965029564356
"209",116.39489174865,120.936286695644,0.0636793959786213,-4.6050743429718
"210",115.922227991398,123.503528842972,0.0636793959786213,-7.64498024755194
"211",116.262647108192,128.187071147552,0.0636793959786213,-11.9881034353382
"212",117.088167861627,128.708648935338,0.0636793959786213,-11.6841604696893
"213",110.718234577429,127.008433169689,0.0636793959786213,-16.353877988239
"214",110.923822206055,131.142968888239,0.0636793959786213,-20.2828260781626
"215",113.830483251933,133.444462478163,0.0636793959786213,-19.6776586222084
"216",112.687140234605,133.729840422208,0.0636793959786213,-21.1063795835825
"217",109.134214136284,132.914015983582,0.0636793959786213,-23.8434812432771
"218",113.952498169948,135.492753943277,0.0636793959786213,-21.6039351693077
"219",111.296960414681,133.048298769308,0.0636793959786213,-21.8150177506054
"220",111.888227328421,133.010563250605,0.0636793959786213,-21.1860153181626
"221",110.579115500177,132.746833518163,0.0636793959786213,-22.2313974139642
"222",111.589471864528,133.057033813964,0.0636793959786213,-21.5312413454145
"223",109.282707249337,130.489968645415,0.0636793959786213,-21.2709407920558
"224",112.859715410788,130.969031692056,0.0636793959786213,-18.1729956772466
"225",107.711158477429,127.149541177247,0.0636793959786213,-19.5020620957962
"226",111.385508659414,128.489334795796,0.0636793959786213,-17.1675055323611
"227",108.873068175597,126.685232832361,0.0636793959786213,-17.8758440527428
"228",107.580044105139,127.333571352743,0.0636793959786213,-19.8172066435825
"229",113.216808078803,131.246661143583,0.0636793959786213,-18.0935324607581
"230",111.451440713765,127.540168860758,0.0636793959786213,-16.1524075429718
"231",115.285450905902,130.940043942972,0.0636793959786213,-15.7182724330482
"232",115.312602855521,130.291272433048,0.0636793959786213,-15.0423489735062
"233",112.674892589414,129.516258073506,0.0636793959786213,-16.905044880071
"234",112.959862999337,129.345226680071,0.0636793959786213,-16.4490430767123
"235",118.487251415597,134.175133976712,0.0636793959786213,-15.751561957094
"236",116.076402640711,130.323198357094,0.0636793959786213,-14.3104751123611
"237",119.457859539566,128.574475112361,0.0636793959786213,-9.18029496877337
"238",118.211728238498,126.839658568773,0.0636793959786213,-8.69160972625428
"239",123.183659524681,128.052609726254,0.0636793959786213,-4.93262959755198
"240",127.726062843307,125.680629597552,0.0636793959786213,1.98175384977627
"241",128.010226422849,122.665882550224,0.0636793959786213,5.28066447664648
"242",122.407027427276,117.464608223354,0.0636793959786213,4.8787398079442
"243",130.488773415444,120.586351092056,0.0636793959786213,9.83874292740987
"244",134.739877812544,119.48089347259,0.0636793959786213,15.1953049439747
"245",129.434317068727,112.954149556025,0.0636793959786213,16.4164881167228
"246",135.182246151551,116.718784583277,0.0636793959786213,18.3997821722953
"247",136.503681357047,114.527036027705,0.0636793959786213,21.912965933364
"248",143.410249102849,115.466397666636,0.0636793959786213,27.8801720402342
"249",139.071340700559,112.057464359766,0.0636793959786213,26.9501969448144
"250",138.629517503612,113.863530355186,0.0636793959786213,24.702307752448
"251",149.235482989872,121.326237747552,0.0636793959786213,27.8455658463411
"252",155.465655222315,123.065706853659,0.0636793959786213,32.336268972677
"253",153.174450795597,117.191458327323,0.0636793959786213,35.9193130722953
"254",158.845104179948,121.113323327705,0.0636793959786213,37.6681014562648
"255",159.902313695979,120.687353043735,0.0636793959786213,39.1512812562648
"256",157.819763977658,116.002809643735,0.0636793959786213,41.7532749379441
"257",162.183194370788,119.050452362056,0.0636793959786213,43.0690626127533
"258",162.581579528803,120.446482887247,0.0636793959786213,42.0714172455777
"259",174.853667460101,125.374219154422,0.0636793959786213,49.4157689096999
"260",164.954390429566,118.6013219903,0.0636793959786213,46.2893890432877
"261",168.609752105139,122.608610956712,0.0636793959786213,45.937461752448
"262",178.571263685292,126.271901847552,0.0636793959786213,52.2356824417609
"263",180.474200468498,123.647408458239,0.0636793959786213,56.76311261428
"264",173.851531499795,116.32197828572,0.0636793959786213,57.4658738180968
"265",172.322211692162,117.589762581903,0.0636793959786213,54.66876971428
"266",170.418179779185,119.78841208572,0.0636793959786213,50.5660882974861
"267",169.076131814299,120.323002602514,0.0636793959786213,48.6894498158067
"268",173.291532960864,123.002459284193,0.0636793959786213,50.2253942806922
"269",171.333857880711,124.307151219308,0.0636793959786213,46.9630272654251
"270",157.313350412009,116.100609134575,0.0636793959786213,41.1490618814556
"271",154.809623906666,117.347665418544,0.0636793959786213,37.3982790921426
"272",155.817390762391,120.026993607857,0.0636793959786213,35.7267177585548
"273",145.407835528803,116.668191341445,0.0636793959786213,28.6759647913792
"274",149.196525957811,119.680489708621,0.0636793959786213,29.4523568532113
"275",134.262136717353,111.587552246789,0.0636793959786213,22.6109050745853
"276",133.370399391399,120.610185825415,0.0636793959786213,12.6965341700052
"277",135.040056893689,125.144647629995,0.0636793959786213,9.83172986771513
"278",127.445393390635,121.092179232285,0.0636793959786213,6.28953476237159
"279",122.718636894986,120.653919737628,0.0636793959786213,2.00103776137919
"280",124.527752669185,122.078962238621,0.0636793959786213,2.38511103458532
"281",117.024575971704,120.115434465415,0.0636793959786213,-3.15453788968946
"282",120.915684087429,126.255537889689,0.0636793959786213,-5.40353319823912
"283",117.472413738269,123.260714998239,0.0636793959786213,-5.85198065594905
"284",107.217973913383,117.361071555949,0.0636793959786213,-10.2067770385445
"285",105.484603373689,119.324777038544,0.0636793959786213,-13.9038530608345
"286",107.269097438879,123.736762160835,0.0636793959786213,-16.5313441179338
"287",102.540225055368,121.031344117934,0.0636793959786213,-18.5547984585445
"288",100.99748190262,120.961207558544,0.0636793959786213,-20.0274050519032
"289",93.573082866742,116.605232321903,0.0636793959786213,-23.0958288511399
"290",94.9440020191847,115.21280158114,0.0636793959786213,-20.3324789579338
"291",95.2598952170473,117.754997137934,0.0636793959786213,-22.5587813168651
"292",97.7279300607878,121.969590406865,0.0636793959786213,-24.3053397420559
"293",95.8922470534595,123.581821562056,0.0636793959786213,-27.753253904575
"294",99.2261170810932,126.457626634575,0.0636793959786213,-27.2951889494605
"295",88.4207496275054,119.26246167946,0.0636793959786213,-30.9053914479338
"296",99.9431558033832,123.765109627934,0.0636793959786213,-23.8856332205292
"297",94.7230628841466,121.307815040529,0.0636793959786213,-26.6484315523612
"298",92.1273522619328,119.201486102361,0.0636793959786213,-27.137813236407
"299",93.8945763386504,122.459649596407,0.0636793959786213,-28.6287526537353
"300",92.3250675330779,122.740252653735,0.0636793959786213,-30.478864516636
"301",97.2109919510168,122.636637246636,0.0636793959786213,-25.4893246915978
"302",96.596960728803,121.349761051598,0.0636793959786213,-24.8164797187734
"303",99.7637853019328,123.387343358773,0.0636793959786213,-23.6872374528192
"304",97.1817262346046,123.068237452819,0.0636793959786213,-25.9501906141933
"305",100.108011041017,125.812781524193,0.0636793959786213,-25.7684498791551
"306",102.507235337963,127.201458979155,0.0636793959786213,-24.7579030371704
"307",107.765717019795,131.87171213717,0.0636793959786213,-24.1696745133536
"308",109.47949178033,133.405310913354,0.0636793959786213,-23.9894985290024
"309",110.438982604223,133.162407629002,0.0636793959786213,-22.7871044207581
"310",116.372741050482,138.801740820758,0.0636793959786213,-22.4926791662543
"311",114.204000793307,135.088497366254,0.0636793959786213,-20.948175968926
"312",118.670812662238,131.781266868926,0.0636793959786213,-13.1741336026665
"313",111.860576514299,122.217770002666,0.0636793959786213,-10.4208728843459
"314",102.258338784528,115.955600184346,0.0636793959786213,-13.7609407957963
"315",115.130590324223,119.206831695796,0.0636793959786213,-4.139920767552
"316",108.972981293689,108.695475267552,0.0636793959786213,0.213826630157925
"317",116.690564864681,105.970627869842,0.0636793959786213,10.6562575988602
"318",101.740671799032,95.0276515011398,0.0636793959786213,6.64934090191369
"319",94.264646526513,98.9522681980863,0.0636793959786213,-4.75130106755198
"320",103.708608953231,109.185519267552,0.0636793959786213,-5.54058971030007
"321",108.558528094452,115.3910442103,0.0636793959786213,-6.89619551182679
"322",111.856983342544,117.181104611827,0.0636793959786213,-5.38780066526191
"323",110.182411526513,113.171800665262,0.0636793959786213,-3.05306853472756
"324",110.58203323491,111.180523034728,0.0636793959786213,-0.662169195796267
"325",105.192791818116,109.599532795796,0.0636793959786213,-4.47042037365885
"326",108.47186953262,113.576329473659,0.0636793959786213,-5.16813933701764
"327",113.260537160864,116.772048437018,0.0636793959786213,-3.57519067213214
"328",109.605526521246,114.838281572132,0.0636793959786213,-5.29643444686495
"329",113.153441978498,118.095888946865,0.0636793959786213,-5.00612636434585
"330",115.650278213536,118.822489964346,0.0636793959786213,-3.2358911467886
"331",114.982044475368,118.173618446789,0.0636793959786213,-3.25525336739926
"332",116.240587837963,118.014162467399,0.0636793959786213,-1.83725402541455
"333",119.556476074605,119.715072225415,0.0636793959786213,-0.222275546788609
"334",117.261437915826,116.706911946789,0.0636793959786213,0.490846573058732
"335",114.587731433383,113.260971626941,0.0636793959786213,1.2630804104633
"336",123.662208999032,122.073646889537,0.0636793959786213,1.52488271351673
"337",123.016652989108,122.167299086483,0.0636793959786213,0.785674506646529
"338",118.831789744834,116.912416393353,0.0636793959786213,1.85569395550148
"339",116.293244244834,118.399215144499,0.0636793959786213,-2.16965029564356
"340",115.16452804865,119.705922995644,0.0636793959786213,-4.6050743429718
"341",110.762318991399,118.343619842972,0.0636793959786213,-7.64498024755193
"342",107.237738008192,119.162162047552,0.0636793959786213,-11.9881034353382
"343",105.778258761627,117.398739835338,0.0636793959786213,-11.6841604696893
"344",99.675507377429,115.965705969689,0.0636793959786213,-16.3538779882389
"345",98.609613106055,118.828759788239,0.0636793959786213,-20.2828260781626
"346",109.905665051933,129.519644278163,0.0636793959786213,-19.6776586222084
"347",106.288322034605,127.331022222208,0.0636793959786213,-21.1063795835825
"348",108.846123236284,132.625925083583,0.0636793959786213,-23.8434812432771
"349",105.642834569948,127.183090343277,0.0636793959786213,-21.6039351693077
"350",103.652678614681,125.404016969308,0.0636793959786213,-21.8150177506054
"351",104.680109128421,125.802445050605,0.0636793959786213,-21.1860153181626
"352",108.251479100177,130.419197118163,0.0636793959786213,-22.2313974139642
"353",106.850889964528,128.318451913964,0.0636793959786213,-21.5312413454145
"354",108.139670849337,129.346932245415,0.0636793959786213,-21.2709407920558
"355",102.698088150788,120.807404432056,0.0636793959786213,-18.1729956772466
"356",99.800103877429,119.238486577247,0.0636793959786213,-19.5020620957962
"357",103.568390459414,120.672216595796,0.0636793959786213,-17.1675055323611
"358",101.781049975597,119.593214632361,0.0636793959786213,-17.8758440527428
"359",99.4698713051389,119.223398552743,0.0636793959786213,-19.8172066435825
"360",102.510789978803,120.540643043583,0.0636793959786213,-18.0935324607581
"361",103.586549813765,119.675277960758,0.0636793959786213,-16.1524075429718
"362",104.484414505902,120.139007542972,0.0636793959786213,-15.7182724330482
"363",111.383966455521,126.362636033048,0.0636793959786213,-15.0423489735062
"364",108.357528989414,125.198894473506,0.0636793959786213,-16.905044880071
"365",109.369590299337,125.754953980071,0.0636793959786213,-16.4490430767123
"366",111.569706015597,127.257588576712,0.0636793959786213,-15.751561957094
"367",112.638402640711,126.885198357094,0.0636793959786213,-14.3104751123611
"368",118.667768639566,127.784384212361,0.0636793959786213,-9.18029496877337
"369",116.568364638498,125.196294968773,0.0636793959786213,-8.69160972625427
"370",120.563205024681,125.432155226254,0.0636793959786213,-4.93262959755198
"371",127.833699243307,125.788265997552,0.0636793959786213,1.98175384977627
"372",131.868317322849,126.523973450224,0.0636793959786213,5.28066447664648
"373",125.623118327276,120.680699123354,0.0636793959786213,4.8787398079442
"374",134.323955215444,124.421532892056,0.0636793959786213,9.83874292740987
"375",136.874150512544,121.61516617259,0.0636793959786213,15.1953049439747
"376",133.728862568727,117.248695056025,0.0636793959786213,16.4164881167228
"377",138.155337051551,119.691875483277,0.0636793959786213,18.3997821722953
"378",142.561408657047,120.584763327705,0.0636793959786213,21.912965933364
"379",148.012976402849,120.069124966636,0.0636793959786213,27.8801720402342
"380",143.557067900559,116.543191559766,0.0636793959786213,26.9501969448144
"381",144.808244703612,120.042257555186,0.0636793959786213,24.702307752448
"382",150.107028389872,122.197783147552,0.0636793959786213,27.8455658463411
"383",155.128200722314,122.728252353659,0.0636793959786213,32.336268972677
"384",156.207177995597,120.224185527323,0.0636793959786213,35.9193130722953
"385",161.403922279948,123.672141427705,0.0636793959786213,37.6681014562648
"386",160.869404695979,121.654444043735,0.0636793959786213,39.1512812562648
"387",163.560763977658,121.743809643735,0.0636793959786213,41.7532749379441
"388",162.713467070788,119.580725062056,0.0636793959786213,43.0690626127533
"389",165.098852228803,122.963755587247,0.0636793959786213,42.0714172455777
"390",176.699485560101,127.220037254422,0.0636793959786213,49.4157689096999
"391",171.414754029566,125.0616855903,0.0636793959786213,46.2893890432877
"392",183.423661205139,137.422520056712,0.0636793959786213,45.937461752448
"393",180.703081885292,128.403720047552,0.0636793959786213,52.2356824417609
"394",178.526382268498,121.699590258239,0.0636793959786213,56.76311261428
"395",176.044895099795,118.51534188572,0.0636793959786213,57.4658738180968
"396",171.099120792162,116.366671681903,0.0636793959786213,54.66876971428
"397",171.365816179185,120.73604848572,0.0636793959786213,50.5660882974861
"398",173.121859114299,124.368729902514,0.0636793959786213,48.6894498158067
"399",176.894078360864,126.605004684193,0.0636793959786213,50.2253942806922
"400",165.641312380711,118.614605719308,0.0636793959786213,46.9630272654251
"401",161.674804912009,120.462063634575,0.0636793959786213,41.1490618814556
"402",158.840442106666,121.378483618544,0.0636793959786213,37.3982790921426
"403",152.209299862391,116.418902707857,0.0636793959786213,35.7267177585548
"404",144.471290028803,115.731645841445,0.0636793959786213,28.6759647913792
"405",144.416798757811,114.900762508621,0.0636793959786213,29.4523568532113
"406",135.997136717353,113.322552246789,0.0636793959786213,22.6109050745853
"407",131.770490291398,119.010276725415,0.0636793959786213,12.6965341700052
"408",126.845602393689,116.950193129995,0.0636793959786213,9.83172986771513
"409",125.648302490635,119.295088332285,0.0636793959786213,6.28953476237159
"410",116.762182394986,114.697465237628,0.0636793959786213,2.00103776137919
"411",125.891207169185,123.442416738621,0.0636793959786213,2.38511103458532
"412",117.393030471704,120.483888965415,0.0636793959786213,-3.15453788968946
"413",111.700684087429,117.040537889689,0.0636793959786213,-5.40353319823912
"414",107.340050138269,113.128351398239,0.0636793959786213,-5.85198065594905
"415",107.968701213383,118.111798855949,0.0636793959786213,-10.2067770385445
"416",104.158748873689,117.998922538544,0.0636793959786213,-13.9038530608345
"417",107.141461038879,123.609125760835,0.0636793959786213,-16.5313441179338
"418",100.748325055368,119.239444117934,0.0636793959786213,-18.5547984585445
"419",98.6651819026198,118.628907558544,0.0636793959786213,-20.0274050519032
"420",95.609237416742,118.641386871903,0.0636793959786213,-23.0958288511399
"421",95.9917020191847,116.26050158114,0.0636793959786213,-20.3324789579338
"422",94.7791406770473,117.274242597934,0.0636793959786213,-22.5587813168651
"423",91.0651300607878,115.306790406865,0.0636793959786213,-24.3053397420559
"424",84.0862288734595,111.775803382056,0.0636793959786213,-27.753253904575
"425",86.8538261710931,114.085335724575,0.0636793959786213,-27.2951889494605
"426",82.8532678075053,113.69497985946,0.0636793959786213,-30.9053914479338
"427",100.954628533383,124.776582357934,0.0636793959786213,-23.8856332205292
"428",94.5636265141466,121.148378670529,0.0636793959786213,-26.6484315523612
"429",93.9373340719328,121.011467912361,0.0636793959786213,-27.137813236407
"430",93.6035399786504,122.168613236407,0.0636793959786213,-28.6287526537353
"431",101.357194833078,131.772379953735,0.0636793959786213,-30.478864516636
"432",98.2972101310168,123.722855426636,0.0636793959786213,-25.4893246915978
"433",99.963851638803,124.716651961598,0.0636793959786213,-24.8164797187734
"434",110.857739861933,134.481297918773,0.0636793959786213,-23.6872374528192
"435",119.216635334605,145.103146552819,0.0636793959786213,-25.9501906141933
"436",134.781238331017,160.486008814193,0.0636793959786213,-25.7684498791551
"437",131.281589837963,155.975813479155,0.0636793959786213,-24.7579030371703
"438",138.820907919795,162.92690303717,0.0636793959786213,-24.1696745133536
"439",127.48094628033,151.406765413354,0.0636793959786213,-23.9894985290024
"440",111.969164404223,134.692589429002,0.0636793959786213,-22.7871044207581
"441",113.265286450483,135.694286220758,0.0636793959786213,-22.4926791662543
"442",113.809546193307,134.694042766254,0.0636793959786213,-20.948175968926
"443",118.130903562238,131.241357768926,0.0636793959786213,-13.1741336026665
"444",115.218849214299,125.576042702666,0.0636793959786213,-10.4208728843459
"445",107.283065984528,120.980327384346,0.0636793959786213,-13.7609407957963
"446",118.462335824223,122.538577195796,0.0636793959786213,-4.139920767552
"447",111.735454093689,111.457948067552,0.0636793959786213,0.213826630157925
"448",115.858546764681,105.138609769842,0.0636793959786213,10.6562575988602
"449",104.150935399032,97.4379151011398,0.0636793959786213,6.64934090191369
"450",100.950764726513,105.638386398086,0.0636793959786213,-4.75130106755198
"451",108.966708953231,114.443619267552,0.0636793959786213,-5.54058971030007
"452",107.117073594452,113.9495897103,0.0636793959786213,-6.89619551182679
"453",111.486892442544,116.811013711827,0.0636793959786213,-5.38780066526191
"454",109.782038826513,112.771427965262,0.0636793959786213,-3.05306853472756
"455",114.57703323491,115.175523034728,0.0636793959786213,-0.662169195796267
"456",108.868064618116,113.274805595796,0.0636793959786213,-4.47042037365885
"457",109.84132403262,114.945783973659,0.0636793959786213,-5.16813933701764
"458",112.716809860864,116.228321137018,0.0636793959786213,-3.57519067213214
"459",107.134435621246,112.367190672132,0.0636793959786213,-5.29643444686495
"460",111.178896578498,116.121343546865,0.0636793959786213,-5.00612636434585
"461",119.676914613536,122.849126364346,0.0636793959786213,-3.2358911467886
"462",118.085953575368,121.277527546789,0.0636793959786213,-3.25525336739926
"463",119.424224237963,121.197798867399,0.0636793959786213,-1.83725402541455
"464",120.595112374605,120.753708525415,0.0636793959786213,-0.222275546788609
"465",117.440619715826,116.886093746789,0.0636793959786213,0.490846573058732
"466",123.322640533383,121.995880726941,0.0636793959786213,1.2630804104633
"467",123.299572599032,121.711010489537,0.0636793959786213,1.52488271351673
"468",123.681198489108,122.831844586483,0.0636793959786213,0.785674506646529
"469",124.024607944834,122.105234593353,0.0636793959786213,1.85569395550148
"470",115.193153344834,117.299124244499,0.0636793959786213,-2.16965029564356
"471",117.37198264865,121.913377595644,0.0636793959786213,-4.6050743429718
"472",112.439773491398,120.021074342972,0.0636793959786213,-7.64498024755193
"473",106.481828908192,118.406252947552,0.0636793959786213,-11.9881034353382
"474",105.546722361627,117.167203435338,0.0636793959786213,-11.6841604696893
"475",101.466598277429,117.756796869689,0.0636793959786213,-16.3538779882389
"476",96.525822206055,116.744968888239,0.0636793959786213,-20.2828260781626
"477",99.1635014019328,118.777480628163,0.0636793959786213,-19.6776586222084
"478",96.5250947946045,117.567794982208,0.0636793959786213,-21.1063795835825
"479",93.099832286284,116.879634133582,0.0636793959786213,-23.8434812432771
"480",98.0878254699481,119.628081243277,0.0636793959786213,-21.6039351693077
"481",95.6553604546809,117.406698809308,0.0636793959786213,-21.8150177506054
"482",97.1414272784214,118.263763200605,0.0636793959786213,-21.1860153181626
"483",96.2753245701771,118.443042588163,0.0636793959786213,-22.2313974139642
"484",92.9717809145283,114.439342863964,0.0636793959786213,-21.5312413454145
"485",91.0827890393374,112.290050435415,0.0636793959786213,-21.2709407920558
"486",94.4418699607878,112.551186242056,0.0636793959786213,-18.1729956772466
"487",90.266449337429,109.704832037247,0.0636793959786213,-19.5020620957962
"488",97.5605268694137,114.664353005796,0.0636793959786213,-17.1675055323611
"489",96.7989045155969,114.611069172361,0.0636793959786213,-17.8758440527428
"490",95.8558986251389,115.609425872743,0.0636793959786213,-19.8172066435825
"491",99.0274535788031,117.057306643583,0.0636793959786213,-18.0935324607581
"492",99.0562679537649,115.144996100758,0.0636793959786213,-16.1524075429718
"493",98.2509145059023,113.905507542972,0.0636793959786213,-15.7182724330482
"494",101.732102855521,116.710772433048,0.0636793959786213,-15.0423489735062
"495",100.237492589414,117.078858073506,0.0636793959786213,-16.905044880071
"496",101.795681199337,118.181044880071,0.0636793959786213,-16.4490430767123
"497",104.120706015597,119.808588576712,0.0636793959786213,-15.751561957094
"498",107.256857140711,121.503652857094,0.0636793959786213,-14.3104751123611
"499",112.507314039566,121.623929612361,0.0636793959786213,-9.18029496877337
"500",109.865546438498,118.493476768773,0.0636793959786213,-8.69160972625427
"501",117.949114024681,122.818064226254,0.0636793959786213,-4.93262959755198
"502",121.469699243307,119.424265997552,0.0636793959786213,1.98175384977627
"503",121.698953622849,116.354609750224,0.0636793959786213,5.28066447664648
"504",117.537845627276,112.595426423354,0.0636793959786213,4.8787398079442
"505",128.433773415444,118.531351092056,0.0636793959786213,9.83874292740987
"506",128.307877812543,113.04889347259,0.0636793959786213,15.1953049439747
"507",127.175226168727,110.695058656025,0.0636793959786213,16.4164881167228
"508",129.322518951551,110.859057383277,0.0636793959786213,18.3997821722953
"509",133.849226757047,111.872581427705,0.0636793959786213,21.912965933364
"510",140.420249102849,112.476397666636,0.0636793959786213,27.8801720402342
"511",132.789886100559,105.776009759766,0.0636793959786213,26.9501969448144
"512",137.064881103612,112.298893955186,0.0636793959786213,24.702307752448
"513",149.771391989872,121.862146747552,0.0636793959786213,27.8455658463411
"514",153.206564322314,120.806615953659,0.0636793959786213,32.336268972677
"515",149.464996195597,113.482003727323,0.0636793959786213,35.9193130722953
"516",154.351467779948,116.619686927705,0.0636793959786213,37.6681014562648
"517",153.135677395979,113.920716743735,0.0636793959786213,39.1512812562648
"518",156.774491277658,114.957536943735,0.0636793959786213,41.7532749379441
"519",160.864830670788,117.732088662056,0.0636793959786213,43.0690626127533
"520",163.488579528803,121.353482887247,0.0636793959786213,42.0714172455777
"521",172.849394660101,123.369946354422,0.0636793959786213,49.4157689096999
"522",164.047117729566,117.6940492903,0.0636793959786213,46.2893890432877
"523",165.101297605139,119.100156456712,0.0636793959786213,45.937461752448
"524",173.370627385292,121.071265547552,0.0636793959786213,52.2356824417609
"525",174.202382268498,117.375590258239,0.0636793959786213,56.76311261428
"526",168.007531499795,110.47797828572,0.0636793959786213,57.4658738180968
"527",168.032211692162,113.299762581903,0.0636793959786213,54.66876971428
"528",166.900907079185,116.27113938572,0.0636793959786213,50.5660882974861
"529",164.404859114299,115.651729902514,0.0636793959786213,48.6894498158067
"530",165.199532960864,114.910459284193,0.0636793959786213,50.2253942806922
"531",165.122585080711,118.095878419308,0.0636793959786213,46.9630272654251
"532",156.648532212009,115.435790934575,0.0636793959786213,41.1490618814556
"533",148.830987506666,111.369029018544,0.0636793959786213,37.3982790921426
"534",144.706027162391,108.915630007857,0.0636793959786213,35.7267177585548
"535",135.884471928803,107.144827741445,0.0636793959786213,28.6759647913792
"536",143.527344157811,114.011307908621,0.0636793959786213,29.4523568532113
"537",139.355864017353,116.681279546789,0.0636793959786213,22.6109050745853
"538",124.574399391398,111.814185825415,0.0636793959786213,12.6965341700052
"539",126.101329593689,116.205920329995,0.0636793959786213,9.83172986771513
"540",123.274393390635,116.921179232285,0.0636793959786213,6.28953476237159
"541",119.148636894986,117.083919737628,0.0636793959786213,2.00103776137919
"542",122.543389069185,120.094598638621,0.0636793959786213,2.38511103458532
"543",123.250484971704,126.341343465415,0.0636793959786213,-3.15453788968946
"544",120.015138587429,125.354992389689,0.0636793959786213,-5.40353319823912
"545",80.5644501182687,86.3527513782391,0.0636793959786213,-5.85198065594905
"546",33.9614102833832,44.1045079259491,0.0636793959786213,-10.2067770385445
"547",25.2930942836885,39.1332679485445,0.0636793959786213,-13.9038530608345
"548",22.7989519788794,39.2666167008345,0.0636793959786213,-16.5313441179338
"549",23.0164250553679,41.5075441179338,0.0636793959786213,-18.5547984585445
"550",26.9598273526198,46.9235530085445,0.0636793959786213,-20.0274050519032
"551",34.852073776742,57.8842232319032,0.0636793959786213,-23.0958288511399
"552",88.7216111091847,108.99041067114,0.0636793959786213,-20.3324789579338
"553",105.844895237047,128.339997157934,0.0636793959786213,-22.5587813168651
"554",100.411284570788,124.652944916865,0.0636793959786213,-24.3053397420559
"555",100.40137433346,128.090948842056,0.0636793959786213,-27.753253904575
"556",99.5913352610931,126.822844814575,0.0636793959786213,-27.2951889494605
"557",92.7343950775054,123.57610712946,0.0636793959786213,-30.9053914479338
"558",105.251583073383,129.073536897934,0.0636793959786213,-23.8856332205292
"559",118.746281064147,145.331033220529,0.0636793959786213,-26.6484315523612
"560",162.609843211933,189.683977052361,0.0636793959786213,-27.137813236407
"561",185.44583087865,214.010904136407,0.0636793959786213,-28.6287526537353
"562",184.087658433078,214.502843553735,0.0636793959786213,-30.478864516636
"563",168.702310121017,194.127955416636,0.0636793959786213,-25.4893246915978
"564",116.796933468803,141.549733791598,0.0636793959786213,-24.8164797187734
"565",107.146694361933,130.770252418773,0.0636793959786213,-23.6872374528192
"566",103.304126234605,129.190637452819,0.0636793959786213,-25.9501906141933
"567",103.583938331017,129.288708814193,0.0636793959786213,-25.7684498791551
"568",107.091953537963,131.786177179155,0.0636793959786213,-24.7579030371703
"569",110.588171519795,134.69416663717,0.0636793959786213,-24.1696745133536
"570",114.73158268033,138.657401813354,0.0636793959786213,-23.9894985290024
"571",114.399891704223,137.123316729002,0.0636793959786213,-22.7871044207582
"572",113.980650150483,136.409649920758,0.0636793959786213,-22.4926791662543
"573",117.015728093307,137.900224666254,0.0636793959786213,-20.948175968926
"574",121.894721762238,135.005175968926,0.0636793959786213,-13.1741336026665
"575",118.006031014299,128.363224502666,0.0636793959786213,-10.4208728843459
"576",110.700247884528,124.397509284346,0.0636793959786213,-13.7609407957963
"577",119.777699424223,123.853940795796,0.0636793959786213,-4.139920767552
"578",115.116244993689,114.838738967552,0.0636793959786213,0.213826630157925
"579",112.770555864681,102.050618869842,0.0636793959786213,10.6562575988602
"580",103.125817199032,96.4127969011398,0.0636793959786213,6.64934090191369
"581",98.401046526513,103.088668198086,0.0636793959786213,-4.75130106755198
"582",105.833099853231,111.310010167552,0.0636793959786213,-5.54058971030007
"583",103.700737194452,110.5332533103,0.0636793959786213,-6.89619551182679
"584",109.838619742544,115.162741011827,0.0636793959786213,-5.38780066526191
"585",107.642238826513,110.631627965262,0.0636793959786213,-3.05306853472756
"586",114.03703323491,114.635523034728,0.0636793959786213,-0.662169195796267
"587",107.914519118116,112.321260095796,0.0636793959786213,-4.47042037365885
"588",110.90477863262,116.009238573659,0.0636793959786213,-5.16813933701764
"589",110.729173560864,114.240684837018,0.0636793959786213,-3.57519067213214
"590",106.198981121246,111.431736172132,0.0636793959786213,-5.29643444686495
"591",112.554714778498,117.497161746865,0.0636793959786213,-5.00612636434585
"592",117.138732813536,120.310944564346,0.0636793959786213,-3.2358911467886
"593",115.880862675368,119.072436646789,0.0636793959786213,-3.25525336739926
"594",116.151406037963,117.924980667399,0.0636793959786213,-1.83725402541455
"595",117.551566974605,117.710163125415,0.0636793959786213,-0.222275546788609
"596",118.344165115826,117.789639146789,0.0636793959786213,0.490846573058732
"597",122.389549633383,121.062789826941,0.0636793959786213,1.2630804104633
"598",122.900208999032,121.311646889537,0.0636793959786213,1.52488271351673
"599",118.838925689108,117.989571786483,0.0636793959786213,0.785674506646529
"600",125.225517044834,123.306143693353,0.0636793959786213,1.85569395550148
"601",116.491971544834,118.597942444499,0.0636793959786213,-2.16965029564356
"602",116.34270984865,120.884104795644,0.0636793959786213,-4.6050743429718
"603",113.945864391399,121.527165242972,0.0636793959786213,-7.64498024755193
"604",105.309492608192,117.233916647552,0.0636793959786213,-11.9881034353382
"605",107.311804161627,118.932285235338,0.0636793959786213,-11.6841604696893
"606",104.212325477429,120.502524069689,0.0636793959786213,-16.3538779882389
"607",100.812367706055,121.031514388239,0.0636793959786213,-20.2828260781626
"608",99.7491832119328,119.363162438163,0.0636793959786213,-19.6776586222084
"609",96.3226311646045,117.365331352208,0.0636793959786213,-21.1063795835825
"610",93.605386826284,117.385188673582,0.0636793959786213,-23.8434812432771
"611",96.5179072899481,118.058163063277,0.0636793959786213,-21.6039351693077
"612",93.2234422646809,114.974780619308,0.0636793959786213,-21.8150177506054
"613",94.5713636484214,115.693699570605,0.0636793959786213,-21.1860153181626
"614",94.4908882101771,116.658606228163,0.0636793959786213,-22.2313974139642
"615",92.7178991045283,114.185461053964,0.0636793959786213,-21.5312413454145
"616",91.1126708593374,112.319932255415,0.0636793959786213,-21.2709407920558
"617",97.2316154207878,115.340931702056,0.0636793959786213,-18.1729956772466
"618",93.030867527429,112.469250227247,0.0636793959786213,-19.5020620957962
"619",98.3111995994137,115.415025735796,0.0636793959786213,-17.1675055323611
"620",98.615813605597,116.427978262361,0.0636793959786213,-17.8758440527428
"621",96.4806713551389,116.234198602743,0.0636793959786213,-19.8172066435825
"622",99.7392081288031,117.769061193583,0.0636793959786213,-18.0935324607581
"623",101.440631583765,117.529359730758,0.0636793959786213,-16.1524075429718
"624",99.4516145059023,115.106207542972,0.0636793959786213,-15.7182724330482
"625",104.184321055521,119.162990633048,0.0636793959786213,-15.0423489735062
"626",99.4773016894138,116.318667173506,0.0636793959786213,-16.905044880071
"627",102.766381199337,119.151744880071,0.0636793959786213,-16.4490430767123
"628",104.416796915597,120.104679476712,0.0636793959786213,-15.751561957094
"629",107.866857140711,122.113652857094,0.0636793959786213,-14.3104751123611
"630",114.352314039566,123.468929612361,0.0636793959786213,-9.18029496877337
"631",112.006364638498,120.634294968773,0.0636793959786213,-8.69160972625427
"632",116.070023124681,120.938973326254,0.0636793959786213,-4.93262959755198
"633",123.671517343307,121.626084097552,0.0636793959786213,1.98175384977627
"634",122.366953622849,117.022609750224,0.0636793959786213,5.28066447664648
"635",116.168027427276,111.225608223354,0.0636793959786213,4.8787398079442
"636",127.912682515444,118.010260192056,0.0636793959786213,9.83874292740987
"637",125.995786912543,110.73680257259,0.0636793959786213,15.1953049439747
"638",124.758135268727,108.277967756025,0.0636793959786213,16.4164881167228
"639",130.480609851551,112.017148283277,0.0636793959786213,18.3997821722953
"640",135.017772257047,113.041126927705,0.0636793959786213,21.912965933364
"641",144.229158202849,116.285306766636,0.0636793959786213,27.8801720402342
"642",138.200249800559,111.186373459766,0.0636793959786213,26.9501969448144
"643",137.348608403612,112.582621255186,0.0636793959786213,24.702307752448
"644",148.415482989872,120.506237747552,0.0636793959786213,27.8455658463411
"645",154.830837022314,122.430888653659,0.0636793959786213,32.336268972677
"646",156.442996195597,120.460003727323,0.0636793959786213,35.9193130722953
"647",154.591740479948,116.859959627705,0.0636793959786213,37.6681014562648
"648",154.309859195979,115.094898543735,0.0636793959786213,39.1512812562648
"649",157.036218577658,115.219264243735,0.0636793959786213,41.7532749379441
"650",158.712194370788,115.579452362056,0.0636793959786213,43.0690626127533
"651",162.640306728803,120.505210087247,0.0636793959786213,42.0714172455777
"652",171.304031060101,121.824582754422,0.0636793959786213,49.4157689096999
"653",163.578845029566,117.2257765903,0.0636793959786213,46.2893890432877
"654",167.825661205139,121.824520056712,0.0636793959786213,45.937461752448
"655",176.172536485292,123.873174647552,0.0636793959786213,52.2356824417609
"656",176.091109568498,119.264317558239,0.0636793959786213,56.76311261428
"657",177.976713299795,120.44716008572,0.0636793959786213,57.4658738180968
"658",167.776847992162,113.044398881903,0.0636793959786213,54.66876971428
"659",163.802634379185,113.17286668572,0.0636793959786213,50.5660882974861
"660",163.233768214299,114.480639002514,0.0636793959786213,48.6894498158067
"661",164.749260260864,114.460186584193,0.0636793959786213,50.2253942806922
"662",180.619675980711,133.592969319308,0.0636793959786213,46.9630272654251
"663",185.538532212009,144.325790934575,0.0636793959786213,41.1490618814556
"664",180.270351106666,142.808392618544,0.0636793959786213,37.3982790921426
"665",178.989663562391,143.199266407857,0.0636793959786213,35.7267177585548
"666",173.177653728803,144.438009541445,0.0636793959786213,28.6759647913792
"667",176.120798757811,146.604762508621,0.0636793959786213,29.4523568532113
"668",163.541227617353,140.866643146789,0.0636793959786213,22.6109050745853
"669",155.010581191399,142.250367625415,0.0636793959786213,12.6965341700052
